{
  "expert": "expert_BTCUSD_special",
  "timestamp": "2026-02-07T16:35:24.385795",
  "elapsed_seconds": 0.20606160163879395,
  "stages": {
    "rabies": {
      "aggression": 1.5,
      "forget_suppression": 0.3
    },
    "mushrooms": {
      "dose": 0.15,
      "dormant_boost": 0.1,
      "cross_bleed": 0.05
    },
    "teqa": {
      "confidence": 0.6348256379357745,
      "direction": 1,
      "novelty": 0.26179453709332146,
      "vote_ratio": 0.9999999984465513,
      "entropy": 6.544863427333036,
      "active_qubits": 0.36
    }
  },
  "original": {
    "action": "SELL",
    "confidence": 0.5938819050788879,
    "probabilities": [
      7.445381925208494e-05,
      0.4060436189174652,
      0.5938819050788879
    ]
  },
  "mutant": {
    "action": "SELL",
    "confidence": 0.5499901175498962,
    "probabilities": [
      0.0003827530308626592,
      0.449627161026001,
      0.5499901175498962
    ]
  },
  "compression": {
    "fidelity": 0.8569658994674683,
    "regime": "CHOPPY",
    "ratio": 2.0,
    "iterations": 0,
    "compressed_state": [
      -0.3213944733142853,
      -0.131238654255867,
      -0.019960513338446617,
      -0.05653708428144455,
      1.2494372129440308,
      0.09333594143390656,
      -0.31610307097435,
      0.018522508442401886,
      -0.3311997950077057,
      -0.3924395442008972,
      -0.2075040638446808,
      0.12140810489654541,
      -0.3270539343357086,
      0.4883173108100891,
      -0.717939019203186,
      -0.26108211278915405,
      -0.04923209175467491,
      0.03268364071846008,
      -0.002451992128044367,
      0.11753108352422714,
      0.005279552657157183,
      -0.8276947140693665,
      -0.5257502198219299,
      0.1280086487531662,
      0.2376636564731598,
      -0.5022068619728088,
      0.2682033181190491,
      -0.5518830418586731,
      -0.14317770302295685,
      0.02606060542166233,
      -0.16705439984798431,
      -0.3476938307285309
    ]
  },
  "mutation_delta": {
    "action_changed": false,
    "confidence_delta": -0.0438917875289917,
    "prob_shift": [
      0.00030829920433461666,
      0.04358354210853577,
      -0.0438917875289917
    ]
  },
  "mutant_path": "C:\\Users\\jimjj\\Music\\QuantumChildren\\QuantumTradingLibrary\\top_50_experts\\expert_BTCUSD_special_MUTANT.pth"
}