{
  "expert": "expert_rank21_ETHUSD",
  "timestamp": "2026-02-07T16:47:20.514782",
  "elapsed_seconds": 0.037029266357421875,
  "stages": {
    "rabies": {
      "aggression": 1.5,
      "forget_suppression": 0.3
    },
    "mushrooms": {
      "dose": 0.15,
      "dormant_boost": 0.1,
      "cross_bleed": 0.05
    },
    "teqa": {
      "confidence": 0.6348256379357745,
      "direction": 1,
      "novelty": 0.26179453709332146,
      "vote_ratio": 0.9999999984465513,
      "entropy": 6.544863427333036,
      "active_qubits": 0.36
    }
  },
  "original": {
    "action": "SELL",
    "confidence": 0.5519879460334778,
    "probabilities": [
      0.0015846393071115017,
      0.4464274048805237,
      0.5519879460334778
    ]
  },
  "mutant": {
    "action": "SELL",
    "confidence": 0.5402302145957947,
    "probabilities": [
      0.0024364611599594355,
      0.45733335614204407,
      0.5402302145957947
    ]
  },
  "compression": {
    "fidelity": 0.8979902863502502,
    "regime": "CHOPPY",
    "ratio": 2.0,
    "iterations": 0,
    "compressed_state": [
      -0.1250048577785492,
      -0.06883357465267181,
      0.48321154713630676,
      -0.2624284625053406,
      0.11376116424798965,
      0.018646007403731346,
      -0.31792283058166504,
      -0.3523334860801697,
      -0.6567662358283997,
      -0.12536463141441345,
      0.3320018947124481,
      -0.21593371033668518,
      -0.22056925296783447,
      0.07369533181190491,
      0.2851398289203644,
      0.2684136927127838,
      -0.029615206643939018,
      -0.06269898265600204,
      -0.055456798523664474,
      0.08403347432613373,
      -0.9385846853256226,
      -0.03298458456993103,
      -0.4143030643463135,
      0.06635401397943497,
      -0.11806803941726685,
      0.8950579166412354,
      0.03773006796836853,
      -0.08015243709087372,
      -0.06155414879322052,
      0.0640735775232315,
      0.13864831626415253,
      0.3254537582397461
    ]
  },
  "mutation_delta": {
    "action_changed": false,
    "confidence_delta": -0.011757731437683105,
    "prob_shift": [
      0.0008518218528479338,
      0.010905951261520386,
      -0.011757731437683105
    ]
  },
  "mutant_path": "C:\\Users\\jimjj\\Music\\QuantumChildren\\QuantumTradingLibrary\\top_50_experts\\expert_rank21_ETHUSD_MUTANT.pth"
}