{
  "expert": "expert_rank11_XAUUSD",
  "timestamp": "2026-02-07T16:47:16.482321",
  "elapsed_seconds": 0.03343009948730469,
  "stages": {
    "rabies": {
      "aggression": 1.5,
      "forget_suppression": 0.3
    },
    "mushrooms": {
      "dose": 0.15,
      "dormant_boost": 0.1,
      "cross_bleed": 0.05
    },
    "teqa": {
      "confidence": 0.6348256379357745,
      "direction": 1,
      "novelty": 0.26179453709332146,
      "vote_ratio": 0.9999999984465513,
      "entropy": 6.544863427333036,
      "active_qubits": 0.36
    }
  },
  "original": {
    "action": "BUY",
    "confidence": 0.5135082006454468,
    "probabilities": [
      0.0013367814244702458,
      0.5135082006454468,
      0.48515501618385315
    ]
  },
  "mutant": {
    "action": "SELL",
    "confidence": 0.552437424659729,
    "probabilities": [
      0.0024257954210042953,
      0.44513681530952454,
      0.552437424659729
    ]
  },
  "compression": {
    "fidelity": 0.8892737030982971,
    "regime": "CHOPPY",
    "ratio": 2.0,
    "iterations": 0,
    "compressed_state": [
      -0.9152771830558777,
      -0.41464120149612427,
      -0.3777739703655243,
      0.3074544072151184,
      0.08050961792469025,
      -0.12042808532714844,
      0.03444010019302368,
      0.21215569972991943,
      0.7068944573402405,
      0.18247166275978088,
      -0.2587641775608063,
      0.5035577416419983,
      -0.29464390873908997,
      0.670819103717804,
      0.1058991551399231,
      0.14676664769649506,
      0.10522531718015671,
      0.26245149970054626,
      -0.8406453728675842,
      -0.3057732880115509,
      0.4541604518890381,
      -0.5485992431640625,
      -0.013786284253001213,
      -0.2067815214395523,
      0.29740479588508606,
      -0.26818007230758667,
      -0.13638386130332947,
      0.2625676095485687,
      0.0264383926987648,
      0.0053742993623018265,
      0.03254469484090805,
      -0.01492712926119566
    ]
  },
  "mutation_delta": {
    "action_changed": true,
    "confidence_delta": 0.03892922401428223,
    "prob_shift": [
      0.0010890139965340495,
      -0.06837138533592224,
      0.06728240847587585
    ]
  },
  "mutant_path": "C:\\Users\\jimjj\\Music\\QuantumChildren\\QuantumTradingLibrary\\top_50_experts\\expert_rank11_XAUUSD_MUTANT.pth"
}