{
  "expert": "expert_BTCUSD_special",
  "timestamp": "2026-02-07T16:47:11.533191",
  "elapsed_seconds": 0.044483184814453125,
  "stages": {
    "rabies": {
      "aggression": 2.0,
      "forget_suppression": 0.3
    },
    "mushrooms": {
      "dose": 0.3,
      "dormant_boost": 0.1,
      "cross_bleed": 0.05
    },
    "teqa": {
      "confidence": 0.6348256379357745,
      "direction": 1,
      "novelty": 0.26179453709332146,
      "vote_ratio": 0.9999999984465513,
      "entropy": 6.544863427333036,
      "active_qubits": 0.36
    }
  },
  "original": {
    "action": "SELL",
    "confidence": 0.5938819050788879,
    "probabilities": [
      7.445381925208494e-05,
      0.4060436189174652,
      0.5938819050788879
    ]
  },
  "mutant": {
    "action": "SELL",
    "confidence": 0.7731227874755859,
    "probabilities": [
      9.655227040639147e-05,
      0.22678065299987793,
      0.7731227874755859
    ]
  },
  "compression": {
    "fidelity": 0.8581681847572327,
    "regime": "CHOPPY",
    "ratio": 2.0,
    "iterations": 0,
    "compressed_state": [
      -0.06667520850896835,
      -1.1128376722335815,
      0.46773386001586914,
      0.33613091707229614,
      0.8492512702941895,
      0.13978883624076843,
      0.4246644973754883,
      0.48119044303894043,
      -0.5814010500907898,
      0.01662524603307247,
      0.23094134032726288,
      0.1653904765844345,
      -0.32082661986351013,
      -0.2538881003856659,
      -0.9889949560165405,
      0.48082980513572693,
      -0.11273416876792908,
      -0.6502587199211121,
      -0.1523192822933197,
      -0.6374685168266296,
      -1.4485397338867188,
      0.23464705049991608,
      0.3624471127986908,
      0.12835107743740082,
      -0.14719440042972565,
      0.012025303207337856,
      0.1287955492734909,
      0.05704887583851814,
      -0.050448305904865265,
      -0.07248187810182571,
      -0.28382447361946106,
      0.2649116516113281
    ]
  },
  "mutation_delta": {
    "action_changed": false,
    "confidence_delta": 0.179240882396698,
    "prob_shift": [
      2.209845115430653e-05,
      -0.17926296591758728,
      0.179240882396698
    ]
  },
  "mutant_path": "C:\\Users\\jimjj\\Music\\QuantumChildren\\QuantumTradingLibrary\\top_50_experts\\expert_BTCUSD_special_MUTANT.pth"
}