{
  "timestamp": "2026-02-02T10:11:45.680501",
  "test_type": "STRESS_TEST_NIGHTMARE",
  "stress_config": {
    "degraded_win_rate": 0.68,
    "chaos_level": 0.9,
    "flash_crash_prob": 0.02,
    "loss_streak_prob": 0.15
  },
  "with_compression": {
    "total_runs": 1000,
    "passed": 547,
    "failed": 453,
    "pass_rate": 54.7,
    "avg_win_rate": 60.27284217700357,
    "avg_pnl": 407.42940110057697,
    "avg_max_dd": 0.896772460289131,
    "avg_daily_dd": 1.2698752456076121,
    "best_pnl": 541.8496224938162,
    "worst_pnl": -295.73439098188464,
    "fail_reasons": {
      "TIME EXPIRED (Profit": 453
    },
    "compression_enabled": true
  },
  "without_compression": {
    "total_runs": 1000,
    "passed": 230,
    "failed": 770,
    "pass_rate": 23.0,
    "avg_win_rate": 53.598795616717396,
    "avg_pnl": 245.69504979528318,
    "avg_max_dd": 1.598390154856619,
    "avg_daily_dd": 1.464740411749543,
    "best_pnl": 542.788462875692,
    "worst_pnl": -521.5359431969882,
    "fail_reasons": {
      "TIME EXPIRED (Profit": 769,
      "MAX DRAWDOWN HIT": 1
    },
    "compression_enabled": false
  }
}