{
  "timestamp": "2026-02-02T10:03:26.620404",
  "expert_config": {
    "name": "expert_C7_E36_WR72",
    "base_win_rate": 72,
    "compression_boost": 12,
    "projected_win_rate": 82,
    "compression_ratio": 3.0,
    "regime": "CLEAN"
  },
  "challenge_config": {
    "account_size": 5000.0,
    "profit_target_pct": 0.1,
    "daily_dd_pct": 0.05,
    "max_dd_pct": 0.1,
    "duration_days": 21
  },
  "with_compression": {
    "total_runs": 500,
    "passed": 500,
    "failed": 0,
    "pass_rate": 100.0,
    "avg_win_rate": 89.17974349180233,
    "avg_pnl": 571.531453373233,
    "avg_max_dd": 0.2708020906158687,
    "avg_daily_dd": 0.3950322424375383,
    "best_pnl": 675.6035095887673,
    "worst_pnl": 500.06952405872926,
    "best_equity": 5675.603509588767,
    "worst_equity": 5500.069524058729,
    "fail_reasons": {},
    "compression_enabled": true,
    "base_win_rate": 72.0,
    "projected_win_rate": 82.0
  },
  "without_compression": {
    "total_runs": 500,
    "passed": 498,
    "failed": 2,
    "pass_rate": 99.6,
    "avg_win_rate": 76.32958763615648,
    "avg_pnl": 543.427642284279,
    "avg_max_dd": 0.48931914293000206,
    "avg_daily_dd": 0.8584801979384988,
    "best_pnl": 615.1950401109052,
    "worst_pnl": -266.0337953887547,
    "best_equity": 5615.195040110905,
    "worst_equity": 4733.966204611245,
    "fail_reasons": {
      "DAILY LOSS LIMIT HIT (Day 1)": 1,
      "DAILY LOSS LIMIT HIT (Day 2)": 1
    },
    "compression_enabled": false,
    "base_win_rate": 72.0,
    "projected_win_rate": 82.0
  },
  "recommendation": "READY FOR LIVE"
}