{
  "timestamp": "2026-02-02T15:16:39.143981",
  "account": {
    "id": "365060",
    "name": "BG_100K_CHALLENGE",
    "size": 100000,
    "mode": "full_quantum_children"
  },
  "simulations": {
    "3_weeks": {
      "account_id": "365060",
      "account_name": "BG_100K_CHALLENGE",
      "account_size": 100000.0,
      "duration_days": 15,
      "total_runs": 1000,
      "passed": 998,
      "failed": 2,
      "pass_rate": 99.8,
      "avg_win_rate": 89.68651334776334,
      "avg_pnl": 11468.81692347619,
      "median_pnl": 11494.671677793405,
      "std_pnl": 1166.4742043815702,
      "avg_max_dd": 0.2601479525051375,
      "avg_daily_dd": 0.37227371045134733,
      "best_pnl": 13677.89396041492,
      "worst_pnl": -6167.563677796148,
      "percentile_5_pnl": 10163.687838810569,
      "percentile_95_pnl": 12934.640779487718,
      "fail_reasons": {
        "DAILY LOSS LIMIT HIT (Day 2)": 2
      }
    },
    "1_month": {
      "account_id": "365060",
      "account_name": "BG_100K_CHALLENGE",
      "account_size": 100000.0,
      "duration_days": 21,
      "total_runs": 1000,
      "passed": 1000,
      "failed": 0,
      "pass_rate": 100.0,
      "avg_win_rate": 89.49261655011654,
      "avg_pnl": 11524.733318442863,
      "median_pnl": 11546.869036518583,
      "std_pnl": 871.9441035757246,
      "avg_max_dd": 0.25028620059347584,
      "avg_daily_dd": 0.3539003943575364,
      "best_pnl": 13558.863613077992,
      "worst_pnl": 10000.448494212716,
      "percentile_5_pnl": 10151.341820922098,
      "percentile_95_pnl": 12926.027503570482,
      "fail_reasons": {}
    }
  }
}